Orders.Region	Sum(Orders.Sales)	Sum(Orders.Profit)	Orders.Order Date.Variation.Date Hierarchy.Year	Orders.Order Date.Variation.Date Hierarchy.Quarter	Orders.Order Date.Variation.Date Hierarchy.Month	Orders.Order Date.Variation.Date Hierarchy.Day
Central	16.448	5.551199999999998	2014	Qtr 1	January	3
East			2014	Qtr 1	January	3
South			2014	Qtr 1	January	3
West			2014	Qtr 1	January	3
Central	288.06	-65.9901	2014	Qtr 1	January	4
East			2014	Qtr 1	January	4
South			2014	Qtr 1	January	4
West			2014	Qtr 1	January	4
Central			2014	Qtr 1	January	5
East	19.536	4.884	2014	Qtr 1	January	5
South			2014	Qtr 1	January	5
West			2014	Qtr 1	January	5
Central			2014	Qtr 1	January	6
East			2014	Qtr 1	January	6
South	4387.660000000001	1348.7211999999997	2014	Qtr 1	January	6
West	19.44	9.3312	2014	Qtr 1	January	6
Central	87.158	-71.9621	2014	Qtr 1	January	7
East			2014	Qtr 1	January	7
South			2014	Qtr 1	January	7
West			2014	Qtr 1	January	7
Central	40.544000000000004	10.917999999999996	2014	Qtr 1	January	9
East			2014	Qtr 1	January	9
South			2014	Qtr 1	January	9
West			2014	Qtr 1	January	9
Central			2014	Qtr 1	January	10
East			2014	Qtr 1	January	10
South	54.83	22.6537	2014	Qtr 1	January	10
West			2014	Qtr 1	January	10
Central			2014	Qtr 1	January	11
East	9.94	3.0813999999999995	2014	Qtr 1	January	11
South			2014	Qtr 1	January	11
West			2014	Qtr 1	January	11
Central			2014	Qtr 1	January	13
East	40.846000000000004	10.5716	2014	Qtr 1	January	13
South	1833.1999999999998	413.91760000000005	2014	Qtr 1	January	13
West	1679.7490000000003	249.14939999999993	2014	Qtr 1	January	13
Central			2014	Qtr 1	January	14
East	61.96	-53.2856	2014	Qtr 1	January	14
South			2014	Qtr 1	January	14
West			2014	Qtr 1	January	14
Central			2014	Qtr 1	January	15
East			2014	Qtr 1	January	15
South	149.95	65.97800000000001	2014	Qtr 1	January	15
West			2014	Qtr 1	January	15
Central			2014	Qtr 1	January	16
East	299.964	-5.9335	2014	Qtr 1	January	16
South			2014	Qtr 1	January	16
West			2014	Qtr 1	January	16
Central			2014	Qtr 1	January	18
East			2014	Qtr 1	January	18
South			2014	Qtr 1	January	18
West	64.864	6.486400000000003	2014	Qtr 1	January	18
Central			2014	Qtr 1	January	19
East			2014	Qtr 1	January	19
South			2014	Qtr 1	January	19
West	378.59400000000005	-287.9976	2014	Qtr 1	January	19
Central	708.616	183.5546	2014	Qtr 1	January	20
East			2014	Qtr 1	January	20
South	1926.5939999999998	385.73209999999983	2014	Qtr 1	January	20
West	38.66	15.082799999999999	2014	Qtr 1	January	20
Central			2014	Qtr 1	January	21
East			2014	Qtr 1	January	21
South	25.248	4.102799999999999	2014	Qtr 1	January	21
West			2014	Qtr 1	January	21
Central	5.9399999999999995	0	2014	Qtr 1	January	23
East			2014	Qtr 1	January	23
South			2014	Qtr 1	January	23
West	40.08	19.2384	2014	Qtr 1	January	23
Central	152.64000000000001	44.7684	2014	Qtr 1	January	26
East			2014	Qtr 1	January	26
South	944.61	105.5586	2014	Qtr 1	January	26
West			2014	Qtr 1	January	26
Central			2014	Qtr 1	January	27
East			2014	Qtr 1	January	27
South			2014	Qtr 1	January	27
West	426.66999999999996	9.682700000000004	2014	Qtr 1	January	27
Central			2014	Qtr 1	January	28
East	3.9280000000000004	1.3256999999999999	2014	Qtr 1	January	28
South			2014	Qtr 1	January	28
West			2014	Qtr 1	January	28
Central	240.5	11.650200000000002	2014	Qtr 1	January	30
East			2014	Qtr 1	January	30
South			2014	Qtr 1	January	30
West			2014	Qtr 1	January	30
Central			2014	Qtr 1	January	31
East			2014	Qtr 1	January	31
South			2014	Qtr 1	January	31
West	290.666	3.4195999999999884	2014	Qtr 1	January	31
Central	468.90000000000003	206.31600000000006	2014	Qtr 1	February	1
East			2014	Qtr 1	February	1
South			2014	Qtr 1	February	1
West			2014	Qtr 1	February	1
Central			2014	Qtr 1	February	2
East			2014	Qtr 1	February	2
South	199.29600000000002	1.3479999999999954	2014	Qtr 1	February	2
West	12.350000000000001	5.8045	2014	Qtr 1	February	2
Central			2014	Qtr 1	February	3
East			2014	Qtr 1	February	3
South			2014	Qtr 1	February	3
West	97.11200000000001	31.5614	2014	Qtr 1	February	3
Central			2014	Qtr 1	February	4
East			2014	Qtr 1	February	4
South			2014	Qtr 1	February	4
West	134.384	51.1432	2014	Qtr 1	February	4
Central	8.951999999999998	-14.7708	2014	Qtr 1	February	6
East			2014	Qtr 1	February	6
South	321.56	91.2541	2014	Qtr 1	February	6
West			2014	Qtr 1	February	6
Central			2014	Qtr 1	February	7
East	180.32	59.34880000000001	2014	Qtr 1	February	7
South			2014	Qtr 1	February	7
West			2014	Qtr 1	February	7
Central			2014	Qtr 1	February	8
East			2014	Qtr 1	February	8
South			2014	Qtr 1	February	8
West	14.56	5.5328	2014	Qtr 1	February	8
Central	535.27	106.79109999999999	2014	Qtr 1	February	11
East			2014	Qtr 1	February	11
South	1508.13	186.73739999999995	2014	Qtr 1	February	11
West			2014	Qtr 1	February	11
Central			2014	Qtr 1	February	12
East			2014	Qtr 1	February	12
South			2014	Qtr 1	February	12
West	129.568	-24.294	2014	Qtr 1	February	12
Central	16.176000000000002	6.065999999999999	2014	Qtr 1	February	14
East			2014	Qtr 1	February	14
South			2014	Qtr 1	February	14
West	560.55	114.1104	2014	Qtr 1	February	14
Central			2014	Qtr 1	February	15
East			2014	Qtr 1	February	15
South			2014	Qtr 1	February	15
West	21.36	7.209	2014	Qtr 1	February	15
Central	9.039999999999997	-15.658	2014	Qtr 1	February	16
East			2014	Qtr 1	February	16
South			2014	Qtr 1	February	16
West			2014	Qtr 1	February	16
Central	54.208	8.808799999999998	2014	Qtr 1	February	17
East			2014	Qtr 1	February	17
South			2014	Qtr 1	February	17
West			2014	Qtr 1	February	17
Central	37.784	-13.8468	2014	Qtr 1	February	18
East			2014	Qtr 1	February	18
South			2014	Qtr 1	February	18
West			2014	Qtr 1	February	18
Central	82.63	29.3404	2014	Qtr 1	February	20
East			2014	Qtr 1	February	20
South			2014	Qtr 1	February	20
West	12.96	6.2208000000000006	2014	Qtr 1	February	20
Central	8.849999999999998	-13.7175	2014	Qtr 1	February	21
East			2014	Qtr 1	February	21
South			2014	Qtr 1	February	21
West			2014	Qtr 1	February	21
Central			2014	Qtr 1	February	22
East			2014	Qtr 1	February	22
South			2014	Qtr 1	February	22
West	19.44	9.3312	2014	Qtr 1	February	22
Central	11.364	-4.5225	2014	Qtr 1	February	23
East			2014	Qtr 1	February	23
South			2014	Qtr 1	February	23
West			2014	Qtr 1	February	23
Central			2014	Qtr 1	February	24
East			2014	Qtr 1	February	24
South			2014	Qtr 1	February	24
West	55.672000000000004	18.789299999999997	2014	Qtr 1	February	24
Central			2014	Qtr 1	February	27
East	19.456000000000003	3.404799999999998	2014	Qtr 1	February	27
South			2014	Qtr 1	February	27
West			2014	Qtr 1	February	27
Central	1739.6429999999998	-262.0416	2014	Qtr 1	March	1
East	5.9399999999999995	1.6038	2014	Qtr 1	March	1
South			2014	Qtr 1	March	1
West	457.56800000000004	51.47639999999994	2014	Qtr 1	March	1
Central			2014	Qtr 1	March	2
East	202.38400000000001	56.0112	2014	Qtr 1	March	2
South			2014	Qtr 1	March	2
West			2014	Qtr 1	March	2
Central	176.77199999999996	-459.6072	2014	Qtr 1	March	3
East	523.312	-150.1083	2014	Qtr 1	March	3
South	19.456000000000003	3.404799999999998	2014	Qtr 1	March	3
West	626.3520000000001	-23.4882	2014	Qtr 1	March	3
Central			2014	Qtr 1	March	4
East			2014	Qtr 1	March	4
South	370.45200000000006	20.07779999999996	2014	Qtr 1	March	4
West			2014	Qtr 1	March	4
Central			2014	Qtr 1	March	5
East	705.5620000000001	261.19010000000003	2014	Qtr 1	March	5
South			2014	Qtr 1	March	5
West			2014	Qtr 1	March	5
Central			2014	Qtr 1	March	7
East			2014	Qtr 1	March	7
South			2014	Qtr 1	March	7
West	1561.062	134.1538999999999	2014	Qtr 1	March	7
Central	22.38	10.7424	2014	Qtr 1	March	10
East			2014	Qtr 1	March	10
South			2014	Qtr 1	March	10
West	719.5760000000001	-6.5538	2014	Qtr 1	March	10
Central			2014	Qtr 1	March	11
East	127.70400000000001	53.002399999999994	2014	Qtr 1	March	11
South	782.6300000000001	223.98380000000006	2014	Qtr 1	March	11
West	7.98	2.0747999999999998	2014	Qtr 1	March	11
Central	583.358	158.68699999999995	2014	Qtr 1	March	14
East			2014	Qtr 1	March	14
South	1230.976	316.8496	2014	Qtr 1	March	14
West	294.216	52.96579999999999	2014	Qtr 1	March	14
Central			2014	Qtr 1	March	15
East			2014	Qtr 1	March	15
South	370.782	33.59799999999997	2014	Qtr 1	March	15
West			2014	Qtr 1	March	15
Central			2014	Qtr 1	March	16
East			2014	Qtr 1	March	16
South	471.92	29.49500000000002	2014	Qtr 1	March	16
West			2014	Qtr 1	March	16
Central	275.10400000000004	115.8478	2014	Qtr 1	March	17
East	3581.754	-990.5173	2014	Qtr 1	March	17
South	103.5	42.8123	2014	Qtr 1	March	17
West			2014	Qtr 1	March	17
Central			2014	Qtr 1	March	18
East			2014	Qtr 1	March	18
South	23661.228	-1789.7327	2014	Qtr 1	March	18
West	4445.488	835.0237999999998	2014	Qtr 1	March	18
Central			2014	Qtr 1	March	19
East			2014	Qtr 1	March	19
South	590.7620000000001	68.63529999999997	2014	Qtr 1	March	19
West			2014	Qtr 1	March	19
Central			2014	Qtr 1	March	21
East	13.456	2.7914000000000003	2014	Qtr 1	March	21
South	4096.360000000001	1052.5821000000003	2014	Qtr 1	March	21
West			2014	Qtr 1	March	21
Central	16.28	6.5120000000000005	2014	Qtr 1	March	22
East			2014	Qtr 1	March	22
South	59.109000000000016	-45.3169	2014	Qtr 1	March	22
West	388.70399999999995	-12.1296	2014	Qtr 1	March	22
Central			2014	Qtr 1	March	23
East			2014	Qtr 1	March	23
South	9.912	3.2213999999999996	2014	Qtr 1	March	23
West	935.1519999999999	123.70100000000002	2014	Qtr 1	March	23
Central			2014	Qtr 1	March	24
East	24.900000000000002	11.703000000000001	2014	Qtr 1	March	24
South			2014	Qtr 1	March	24
West	40.48	14.572799999999997	2014	Qtr 1	March	24
Central			2014	Qtr 1	March	25
East	366.786	65.2064	2014	Qtr 1	March	25
South			2014	Qtr 1	March	25
West	92.36	31.461999999999996	2014	Qtr 1	March	25
Central			2014	Qtr 1	March	26
East			2014	Qtr 1	March	26
South			2014	Qtr 1	March	26
West	145.13000000000002	30.7658	2014	Qtr 1	March	26
Central	1190.84	109.50120000000005	2014	Qtr 1	March	28
East	330.588	-143.2548	2014	Qtr 1	March	28
South			2014	Qtr 1	March	28
West	302.376	22.678200000000018	2014	Qtr 1	March	28
Central	890.8409999999999	-152.7156	2014	Qtr 1	March	29
East			2014	Qtr 1	March	29
South			2014	Qtr 1	March	29
West			2014	Qtr 1	March	29
Central	844.2660000000001	198.85789999999997	2014	Qtr 1	March	30
East	60.15	23.793000000000003	2014	Qtr 1	March	30
South			2014	Qtr 1	March	30
West	265.906	10.102000000000004	2014	Qtr 1	March	30
Central	88.11800000000001	0.1694	2014	Qtr 1	March	31
East	0.8520000000000001	-0.5964	2014	Qtr 1	March	31
South	1144.0339999999997	88.11430000000009	2014	Qtr 1	March	31
West	726.5480000000001	267.4224	2014	Qtr 1	March	31
Central			2014	Qtr 2	April	1
East	73.19999999999999	5.735999999999996	2014	Qtr 2	April	1
South			2014	Qtr 2	April	1
West	46.688	20.3536	2014	Qtr 2	April	1
Central	60.20800000000001	19.817	2014	Qtr 2	April	2
East			2014	Qtr 2	April	2
South	1398.3500000000001	387.5792	2014	Qtr 2	April	2
West			2014	Qtr 2	April	2
Central			2014	Qtr 2	April	3
East			2014	Qtr 2	April	3
South			2014	Qtr 2	April	3
West	233.45	85.6044	2014	Qtr 2	April	3
Central	84.83	26.160099999999993	2014	Qtr 2	April	4
East			2014	Qtr 2	April	4
South	364.92999999999995	67.975	2014	Qtr 2	April	4
West	26.084	11.316999999999998	2014	Qtr 2	April	4
Central	872.338	58.47390000000001	2014	Qtr 2	April	5
East	55.48	26.630399999999998	2014	Qtr 2	April	5
South	4367.279999999999	168.80010000000007	2014	Qtr 2	April	5
West			2014	Qtr 2	April	5
Central			2014	Qtr 2	April	6
East	326.762	-52.3322	2014	Qtr 2	April	6
South			2014	Qtr 2	April	6
West	1323.928	351.84739999999994	2014	Qtr 2	April	6
Central			2014	Qtr 2	April	7
East			2014	Qtr 2	April	7
South	1021.17	305.05600000000004	2014	Qtr 2	April	7
West			2014	Qtr 2	April	7
Central			2014	Qtr 2	April	8
East	172.11	-94.6605	2014	Qtr 2	April	8
South	1215.92	316.1392000000001	2014	Qtr 2	April	8
West	570.72	138.36939999999998	2014	Qtr 2	April	8
Central	758.3520000000001	265.4232	2014	Qtr 2	April	11
East			2014	Qtr 2	April	11
South	737.2000000000002	129.54950000000002	2014	Qtr 2	April	11
West	419.688	128.30020000000002	2014	Qtr 2	April	11
Central	32.400000000000006	15.552000000000001	2014	Qtr 2	April	12
East			2014	Qtr 2	April	12
South			2014	Qtr 2	April	12
West	1879.723	137.10609999999997	2014	Qtr 2	April	12
Central			2014	Qtr 2	April	13
East	638.5760000000001	-384.7942	2014	Qtr 2	April	13
South			2014	Qtr 2	April	13
West			2014	Qtr 2	April	13
Central			2014	Qtr 2	April	15
East			2014	Qtr 2	April	15
South			2014	Qtr 2	April	15
West	294.71999999999997	107.99999999999999	2014	Qtr 2	April	15
Central			2014	Qtr 2	April	16
East			2014	Qtr 2	April	16
South	39.072	9.768	2014	Qtr 2	April	16
West			2014	Qtr 2	April	16
Central	697.074	61.793699999999944	2014	Qtr 2	April	18
East			2014	Qtr 2	April	18
South			2014	Qtr 2	April	18
West	323.458	108.14369999999998	2014	Qtr 2	April	18
Central			2014	Qtr 2	April	19
East			2014	Qtr 2	April	19
South	129.33	60.9174	2014	Qtr 2	April	19
West	76.14	26.648999999999997	2014	Qtr 2	April	19
Central	1190.53	-222.016	2014	Qtr 2	April	20
East			2014	Qtr 2	April	20
South			2014	Qtr 2	April	20
West	59.92	27.563200000000002	2014	Qtr 2	April	20
Central			2014	Qtr 2	April	21
East			2014	Qtr 2	April	21
South	828.8399999999999	0	2014	Qtr 2	April	21
West	16.520000000000003	5.5755	2014	Qtr 2	April	21
Central			2014	Qtr 2	April	22
East	257.752	124.78689999999999	2014	Qtr 2	April	22
South			2014	Qtr 2	April	22
West			2014	Qtr 2	April	22
Central			2014	Qtr 2	April	23
East	595.0699999999999	-23.293	2014	Qtr 2	April	23
South			2014	Qtr 2	April	23
West	48.91	22.987699999999997	2014	Qtr 2	April	23
Central	16.608000000000004	4.174800000000001	2014	Qtr 2	April	25
East			2014	Qtr 2	April	25
South	302.376	37.797	2014	Qtr 2	April	25
West	2061.01	290.8953	2014	Qtr 2	April	25
Central			2014	Qtr 2	April	26
East			2014	Qtr 2	April	26
South			2014	Qtr 2	April	26
West	282.56800000000004	40.74499999999998	2014	Qtr 2	April	26
Central			2014	Qtr 2	April	28
East	898.5160000000001	166.17020000000002	2014	Qtr 2	April	28
South			2014	Qtr 2	April	28
West	1679.96	125.99700000000007	2014	Qtr 2	April	28
Central			2014	Qtr 2	April	29
East	37.44	11.1312	2014	Qtr 2	April	29
South	731.404	90.55019999999992	2014	Qtr 2	April	29
West			2014	Qtr 2	April	29
Central			2014	Qtr 2	April	30
East			2014	Qtr 2	April	30
South	1048.74	276.4956	2014	Qtr 2	April	30
West			2014	Qtr 2	April	30
Central			2014	Qtr 2	May	2
East	26.136000000000003	1.9602000000000004	2014	Qtr 2	May	2
South	479.98400000000004	89.99699999999999	2014	Qtr 2	May	2
West			2014	Qtr 2	May	2
Central	21.560000000000002	10.348799999999999	2014	Qtr 2	May	3
East	51.072	18.513599999999997	2014	Qtr 2	May	3
South			2014	Qtr 2	May	3
West			2014	Qtr 2	May	3
Central	90.11199999999998	25.744799999999994	2014	Qtr 2	May	4
East	27.46	9.8856	2014	Qtr 2	May	4
South			2014	Qtr 2	May	4
West	69.86	22.932	2014	Qtr 2	May	4
Central	173.11700000000002	-5.1743	2014	Qtr 2	May	5
East			2014	Qtr 2	May	5
South	87.86	39.6874	2014	Qtr 2	May	5
West			2014	Qtr 2	May	5
Central			2014	Qtr 2	May	6
East			2014	Qtr 2	May	6
South			2014	Qtr 2	May	6
West	254.456	85.7158	2014	Qtr 2	May	6
Central			2014	Qtr 2	May	7
East	1091.35	215.8138	2014	Qtr 2	May	7
South			2014	Qtr 2	May	7
West			2014	Qtr 2	May	7
Central			2014	Qtr 2	May	8
East	1799.9699999999998	239.9960000000001	2014	Qtr 2	May	8
South			2014	Qtr 2	May	8
West			2014	Qtr 2	May	8
Central			2014	Qtr 2	May	9
East			2014	Qtr 2	May	9
South	158.70999999999998	50.7928	2014	Qtr 2	May	9
West	235.76999999999998	44.38080000000001	2014	Qtr 2	May	9
Central			2014	Qtr 2	May	10
East	372.28499999999997	-211.6773	2014	Qtr 2	May	10
South			2014	Qtr 2	May	10
West	1971.5140000000004	269.5033	2014	Qtr 2	May	10
Central	1606.8919999999998	-299.3045	2014	Qtr 2	May	11
East	35.910000000000004	9.695699999999999	2014	Qtr 2	May	11
South			2014	Qtr 2	May	11
West			2014	Qtr 2	May	11
Central	34.79	10.784899999999999	2014	Qtr 2	May	12
East	700.056	-130.0104	2014	Qtr 2	May	12
South			2014	Qtr 2	May	12
West			2014	Qtr 2	May	12
Central			2014	Qtr 2	May	13
East			2014	Qtr 2	May	13
South	405.456	-329.5624	2014	Qtr 2	May	13
West	492.92600000000004	87.27869999999999	2014	Qtr 2	May	13
Central			2014	Qtr 2	May	14
East			2014	Qtr 2	May	14
South	310.88000000000005	23.31599999999999	2014	Qtr 2	May	14
West			2014	Qtr 2	May	14
Central			2014	Qtr 2	May	16
East			2014	Qtr 2	May	16
South			2014	Qtr 2	May	16
West	289.28	20.85000000000001	2014	Qtr 2	May	16
Central	91.67999999999999	45.839999999999996	2014	Qtr 2	May	17
East			2014	Qtr 2	May	17
South			2014	Qtr 2	May	17
West			2014	Qtr 2	May	17
Central	3.9840000000000004	1.4442000000000004	2014	Qtr 2	May	18
East	944.964	-159.4482	2014	Qtr 2	May	18
South			2014	Qtr 2	May	18
West			2014	Qtr 2	May	18
Central	57.42	26.413199999999996	2014	Qtr 2	May	19
East			2014	Qtr 2	May	19
South	34.2	9.234	2014	Qtr 2	May	19
West			2014	Qtr 2	May	19
Central	108.44399999999999	-19.3413	2014	Qtr 2	May	20
East	211.66000000000003	81.39940000000001	2014	Qtr 2	May	20
South			2014	Qtr 2	May	20
West			2014	Qtr 2	May	20
Central	186.90800000000002	-37.6056	2014	Qtr 2	May	21
East	711.6800000000001	297.0884	2014	Qtr 2	May	21
South	3333.9000000000005	1449.5187	2014	Qtr 2	May	21
West	31.84	10.507199999999997	2014	Qtr 2	May	21
Central			2014	Qtr 2	May	22
East			2014	Qtr 2	May	22
South	180.93	46.581	2014	Qtr 2	May	22
West			2014	Qtr 2	May	22
Central			2014	Qtr 2	May	23
East	310.798	51.829400000000014	2014	Qtr 2	May	23
South			2014	Qtr 2	May	23
West	12.96	6.2208000000000006	2014	Qtr 2	May	23
Central			2014	Qtr 2	May	24
East	116.28	56.977199999999996	2014	Qtr 2	May	24
South			2014	Qtr 2	May	24
West			2014	Qtr 2	May	24
Central	104.91999999999999	-190.509	2014	Qtr 2	May	25
East	14.62	6.725199999999999	2014	Qtr 2	May	25
South			2014	Qtr 2	May	25
West			2014	Qtr 2	May	25
Central	475.788	5.737799999999945	2014	Qtr 2	May	26
East			2014	Qtr 2	May	26
South			2014	Qtr 2	May	26
West	849.9300000000001	124.77080000000002	2014	Qtr 2	May	26
Central	17.459999999999997	-30.555	2014	Qtr 2	May	27
East			2014	Qtr 2	May	27
South			2014	Qtr 2	May	27
West	2139.934	142.09579999999994	2014	Qtr 2	May	27
Central			2014	Qtr 2	May	28
East			2014	Qtr 2	May	28
South			2014	Qtr 2	May	28
West	221.96800000000002	59.30879999999999	2014	Qtr 2	May	28
Central	1075.431	-49.8411	2014	Qtr 2	May	30
East	835.8620000000001	265.7478999999999	2014	Qtr 2	May	30
South	13.620000000000001	6.129	2014	Qtr 2	May	30
West			2014	Qtr 2	May	30
Central			2014	Qtr 2	May	31
East			2014	Qtr 2	May	31
South	773.7	230.97269999999995	2014	Qtr 2	May	31
West			2014	Qtr 2	May	31
Central	3949.71	1233.5583000000001	2014	Qtr 2	June	1
East	334.68000000000006	104.78879999999997	2014	Qtr 2	June	1
South	904.13	238.40380000000002	2014	Qtr 2	June	1
West			2014	Qtr 2	June	1
Central			2014	Qtr 2	June	2
East			2014	Qtr 2	June	2
South	605.4699999999999	176.92719999999997	2014	Qtr 2	June	2
West	133.12800000000001	41.43359999999999	2014	Qtr 2	June	2
Central	225.45600000000002	-17.385	2014	Qtr 2	June	3
East			2014	Qtr 2	June	3
South			2014	Qtr 2	June	3
West	515.88	113.49359999999999	2014	Qtr 2	June	3
Central			2014	Qtr 2	June	4
East	456.272	-6.4932	2014	Qtr 2	June	4
South			2014	Qtr 2	June	4
West			2014	Qtr 2	June	4
Central	138.812	0.4391999999999783	2014	Qtr 2	June	6
East	1171.808	-287.2467	2014	Qtr 2	June	6
South	63.381	21.570800000000002	2014	Qtr 2	June	6
West			2014	Qtr 2	June	6
Central	281.397	-230.3316	2014	Qtr 2	June	7
East			2014	Qtr 2	June	7
South			2014	Qtr 2	June	7
West			2014	Qtr 2	June	7
Central			2014	Qtr 2	June	8
East	1745.3600000000001	109.52399999999993	2014	Qtr 2	June	8
South	170.35200000000003	10.647000000000006	2014	Qtr 2	June	8
West	585.552	73.19399999999996	2014	Qtr 2	June	8
Central	142.344	17.154	2014	Qtr 2	June	9
East			2014	Qtr 2	June	9
South	1441.3	245.0209999999999	2014	Qtr 2	June	9
West	3879.364	366.85389999999984	2014	Qtr 2	June	9
Central	491.55	240.8595	2014	Qtr 2	June	10
East			2014	Qtr 2	June	10
South			2014	Qtr 2	June	10
West			2014	Qtr 2	June	10
Central			2014	Qtr 2	June	13
East			2014	Qtr 2	June	13
South			2014	Qtr 2	June	13
West	14.52	4.7916	2014	Qtr 2	June	13
Central	212.94	57.4938	2014	Qtr 2	June	14
East			2014	Qtr 2	June	14
South			2014	Qtr 2	June	14
West			2014	Qtr 2	June	14
Central	942.9739999999999	-78.241	2014	Qtr 2	June	15
East			2014	Qtr 2	June	15
South			2014	Qtr 2	June	15
West			2014	Qtr 2	June	15
Central	647.84	32.39199999999994	2014	Qtr 2	June	16
East	115.95200000000001	44.29559999999999	2014	Qtr 2	June	16
South			2014	Qtr 2	June	16
West			2014	Qtr 2	June	16
Central	62.016	22.480800000000002	2014	Qtr 2	June	17
East	65.97	31.005899999999997	2014	Qtr 2	June	17
South			2014	Qtr 2	June	17
West	3290.516	1073.1429999999998	2014	Qtr 2	June	17
Central			2014	Qtr 2	June	18
East			2014	Qtr 2	June	18
South			2014	Qtr 2	June	18
West	139.8	12.232500000000009	2014	Qtr 2	June	18
Central	1828.9496	-62.9594	2014	Qtr 2	June	20
East			2014	Qtr 2	June	20
South			2014	Qtr 2	June	20
West			2014	Qtr 2	June	20
Central			2014	Qtr 2	June	21
East	3645.5209999999997	775.3995	2014	Qtr 2	June	21
South	425.66999999999996	98.92980000000001	2014	Qtr 2	June	21
West	36.252	-24.9072	2014	Qtr 2	June	21
Central	663.75	9.716399999999993	2014	Qtr 2	June	22
East	1106.7699999999998	-20.0355	2014	Qtr 2	June	22
South			2014	Qtr 2	June	22
West	204.978	50.533800000000014	2014	Qtr 2	June	22
Central			2014	Qtr 2	June	23
East	86.376	1.079699999999999	2014	Qtr 2	June	23
South	23.119999999999997	2.1006	2014	Qtr 2	June	23
West			2014	Qtr 2	June	23
Central			2014	Qtr 2	June	24
East			2014	Qtr 2	June	24
South			2014	Qtr 2	June	24
West	4.272	0.9611999999999998	2014	Qtr 2	June	24
Central			2014	Qtr 2	June	25
East			2014	Qtr 2	June	25
South			2014	Qtr 2	June	25
West	792.76	49.71719999999997	2014	Qtr 2	June	25
Central			2014	Qtr 2	June	27
East			2014	Qtr 2	June	27
South	616.14	76.10520000000002	2014	Qtr 2	June	27
West			2014	Qtr 2	June	27
Central	6.08	3.04	2014	Qtr 2	June	28
East	1639.7109999999998	106.722	2014	Qtr 2	June	28
South			2014	Qtr 2	June	28
West			2014	Qtr 2	June	28
Central			2014	Qtr 2	June	29
East	46.67999999999999	8.557499999999997	2014	Qtr 2	June	29
South			2014	Qtr 2	June	29
West			2014	Qtr 2	June	29
Central	52.48000000000001	17.904799999999998	2014	Qtr 2	June	30
East	344.05600000000004	112.54359999999997	2014	Qtr 2	June	30
South	310.688	108.74079999999998	2014	Qtr 2	June	30
West	32.400000000000006	10.367999999999999	2014	Qtr 2	June	30
Central			2014	Qtr 3	July	1
East			2014	Qtr 3	July	1
South	581.1039999999999	68.36119999999998	2014	Qtr 3	July	1
West	19.92	6.9719999999999995	2014	Qtr 3	July	1
Central			2014	Qtr 3	July	2
East	79.56	22.150800000000004	2014	Qtr 3	July	2
South			2014	Qtr 3	July	2
West			2014	Qtr 3	July	2
Central			2014	Qtr 3	July	4
East			2014	Qtr 3	July	4
South	37.44	18.564	2014	Qtr 3	July	4
West	209.96800000000002	65.3808	2014	Qtr 3	July	4
Central	502.20000000000005	-79.3332	2014	Qtr 3	July	5
East			2014	Qtr 3	July	5
South	760.9440000000002	194.2668	2014	Qtr 3	July	5
West	180.96000000000004	67.86	2014	Qtr 3	July	5
Central			2014	Qtr 3	July	6
East	559.9920000000001	174.99749999999997	2014	Qtr 3	July	6
South			2014	Qtr 3	July	6
West	478.48	47.84800000000001	2014	Qtr 3	July	6
Central			2014	Qtr 3	July	7
East	241.194	-34.6598	2014	Qtr 3	July	7
South			2014	Qtr 3	July	7
West			2014	Qtr 3	July	7
Central			2014	Qtr 3	July	8
East	63.882000000000005	10.647000000000004	2014	Qtr 3	July	8
South			2014	Qtr 3	July	8
West	699.192	-19.089	2014	Qtr 3	July	8
Central	24.720000000000006	8.1138	2014	Qtr 3	July	9
East			2014	Qtr 3	July	9
South			2014	Qtr 3	July	9
West	240.801	49.093999999999994	2014	Qtr 3	July	9
Central	586.3360000000001	46.82640000000002	2014	Qtr 3	July	11
East	1600.87	490.9033999999999	2014	Qtr 3	July	11
South			2014	Qtr 3	July	11
West			2014	Qtr 3	July	11
Central	613.862	11.715400000000056	2014	Qtr 3	July	12
East			2014	Qtr 3	July	12
South			2014	Qtr 3	July	12
West	1346.1499999999999	76.73899999999986	2014	Qtr 3	July	12
Central			2014	Qtr 3	July	13
East			2014	Qtr 3	July	13
South			2014	Qtr 3	July	13
West	351.216	4.390199999999979	2014	Qtr 3	July	13
Central	68.204	-42.5674	2014	Qtr 3	July	14
East	168.47	5.174999999999992	2014	Qtr 3	July	14
South			2014	Qtr 3	July	14
West	55.92	6.291	2014	Qtr 3	July	14
Central	9.510000000000002	3.988200000000001	2014	Qtr 3	July	15
East			2014	Qtr 3	July	15
South			2014	Qtr 3	July	15
West			2014	Qtr 3	July	15
Central			2014	Qtr 3	July	18
East	13.904	4.5188	2014	Qtr 3	July	18
South			2014	Qtr 3	July	18
West	259.136	-25.9136	2014	Qtr 3	July	18
Central			2014	Qtr 3	July	19
East	455.23	100.99640000000002	2014	Qtr 3	July	19
South			2014	Qtr 3	July	19
West	6.096	2.2098	2014	Qtr 3	July	19
Central	1340.976	-115.8528	2014	Qtr 3	July	20
East	53.344	-27.0848	2014	Qtr 3	July	20
South			2014	Qtr 3	July	20
West	891.4659999999999	305.12569999999994	2014	Qtr 3	July	20
Central	787.866	-69.0488	2014	Qtr 3	July	21
East			2014	Qtr 3	July	21
South			2014	Qtr 3	July	21
West	1173.6160000000002	103.17479999999999	2014	Qtr 3	July	21
Central	26.632	1.331599999999999	2014	Qtr 3	July	22
East	165.94	59.261599999999994	2014	Qtr 3	July	22
South			2014	Qtr 3	July	22
West	1155.7720000000002	169.24159999999998	2014	Qtr 3	July	22
Central			2014	Qtr 3	July	23
East	99.98	7.9983999999999895	2014	Qtr 3	July	23
South			2014	Qtr 3	July	23
West	2513.2039999999997	259.48599999999993	2014	Qtr 3	July	23
Central			2014	Qtr 3	July	25
East			2014	Qtr 3	July	25
South			2014	Qtr 3	July	25
West	8341.289999999999	384.50839999999965	2014	Qtr 3	July	25
Central	2780.2679999999996	-3820.507	2014	Qtr 3	July	26
East			2014	Qtr 3	July	26
South	256.48	104.14149999999998	2014	Qtr 3	July	26
West	2003.246	145.3944999999998	2014	Qtr 3	July	26
Central			2014	Qtr 3	July	27
East	65.78	32.2322	2014	Qtr 3	July	27
South			2014	Qtr 3	July	27
West	514.28	38.08000000000001	2014	Qtr 3	July	27
Central			2014	Qtr 3	July	28
East			2014	Qtr 3	July	28
South	193.152	34.69839999999999	2014	Qtr 3	July	28
West			2014	Qtr 3	July	28
Central			2014	Qtr 3	July	30
East			2014	Qtr 3	July	30
South			2014	Qtr 3	July	30
West	1367.84	259.8896	2014	Qtr 3	July	30
Central			2014	Qtr 3	August	1
East	5.68	1.9169999999999998	2014	Qtr 3	August	1
South	202.89600000000002	57.64479999999999	2014	Qtr 3	August	1
West	19.752000000000002	6.9132	2014	Qtr 3	August	1
Central	886.2800000000001	248.02760000000006	2014	Qtr 3	August	2
East			2014	Qtr 3	August	2
South			2014	Qtr 3	August	2
West			2014	Qtr 3	August	2
Central			2014	Qtr 3	August	3
East	163.62	51.14640000000001	2014	Qtr 3	August	3
South			2014	Qtr 3	August	3
West	314.374	-127.8613	2014	Qtr 3	August	3
Central			2014	Qtr 3	August	4
East	617.12	256.9266	2014	Qtr 3	August	4
South			2014	Qtr 3	August	4
West	2126.034	576.5563	2014	Qtr 3	August	4
Central	489.22999999999996	41.934	2014	Qtr 3	August	5
East	1369.33	362.66870000000006	2014	Qtr 3	August	5
South			2014	Qtr 3	August	5
West	550.164	99.50319999999998	2014	Qtr 3	August	5
Central			2014	Qtr 3	August	6
East	199.98	83.9916	2014	Qtr 3	August	6
South	62.91	22.647599999999997	2014	Qtr 3	August	6
West			2014	Qtr 3	August	6
Central	1109.7250000000001	436.102	2014	Qtr 3	August	8
East			2014	Qtr 3	August	8
South	155.45600000000002	-7.7728	2014	Qtr 3	August	8
West	2690.4480000000003	700.8049999999998	2014	Qtr 3	August	8
Central			2014	Qtr 3	August	9
East			2014	Qtr 3	August	9
South	193.936	27.741199999999974	2014	Qtr 3	August	9
West	3411.749	673.1525999999999	2014	Qtr 3	August	9
Central			2014	Qtr 3	August	11
East	375.34	18.766999999999996	2014	Qtr 3	August	11
South			2014	Qtr 3	August	11
West	76.28	26.8774	2014	Qtr 3	August	11
Central			2014	Qtr 3	August	12
East	196.21	98.105	2014	Qtr 3	August	12
South	744.3940000000001	177.4792	2014	Qtr 3	August	12
West	891.7760000000001	82.00880000000002	2014	Qtr 3	August	12
Central	30.959999999999994	-52.632	2014	Qtr 3	August	15
East	62.94	30.211199999999998	2014	Qtr 3	August	15
South	243.60000000000002	46.81899999999998	2014	Qtr 3	August	15
West	505.282	93.7844	2014	Qtr 3	August	15
Central			2014	Qtr 3	August	16
East	853.0919999999999	-227.4912	2014	Qtr 3	August	16
South			2014	Qtr 3	August	16
West			2014	Qtr 3	August	16
Central	15.552000000000003	5.4432	2014	Qtr 3	August	17
East			2014	Qtr 3	August	17
South	484.78999999999996	187.74039999999997	2014	Qtr 3	August	17
West			2014	Qtr 3	August	17
Central			2014	Qtr 3	August	19
East	96.68	-55.9716	2014	Qtr 3	August	19
South	983.73	182.82870000000003	2014	Qtr 3	August	19
West	358.696	48.60480000000001	2014	Qtr 3	August	19
Central	421.372	-6.0196	2014	Qtr 3	August	20
East			2014	Qtr 3	August	20
South	1417.35	575.9100999999998	2014	Qtr 3	August	20
West			2014	Qtr 3	August	20
Central	11.56	5.6644000000000005	2014	Qtr 3	August	22
East	3.912	1.0269000000000001	2014	Qtr 3	August	22
South	7.6320000000000014	-1.8126	2014	Qtr 3	August	22
West			2014	Qtr 3	August	22
Central	19.44	9.5256	2014	Qtr 3	August	23
East	71.84	34.942400000000006	2014	Qtr 3	August	23
South			2014	Qtr 3	August	23
West	473.944	115.93359999999997	2014	Qtr 3	August	23
Central			2014	Qtr 3	August	24
East	25.951999999999998	10.8096	2014	Qtr 3	August	24
South	25.5	6.63	2014	Qtr 3	August	24
West	8.288	2.693599999999999	2014	Qtr 3	August	24
Central	38.06399999999999	-59.6184	2014	Qtr 3	August	25
East	229.50199999999998	44.1669	2014	Qtr 3	August	25
South			2014	Qtr 3	August	25
West	1184.0840000000003	134.2938	2014	Qtr 3	August	25
Central			2014	Qtr 3	August	26
East	190.01000000000002	69.10489999999999	2014	Qtr 3	August	26
South			2014	Qtr 3	August	26
West	176.8	22.98400000000001	2014	Qtr 3	August	26
Central			2014	Qtr 3	August	27
East			2014	Qtr 3	August	27
South	1825.3699999999997	487.85489999999993	2014	Qtr 3	August	27
West	244.76000000000002	25.87739999999998	2014	Qtr 3	August	27
Central			2014	Qtr 3	August	29
East			2014	Qtr 3	August	29
South	709.0425000000001	-436.7431	2014	Qtr 3	August	29
West	123.28	60.273599999999995	2014	Qtr 3	August	29
Central			2014	Qtr 3	August	30
East	121.24	21.485	2014	Qtr 3	August	30
South			2014	Qtr 3	August	30
West			2014	Qtr 3	August	30
Central			2014	Qtr 3	August	31
East			2014	Qtr 3	August	31
South			2014	Qtr 3	August	31
West	92.52	18.50399999999999	2014	Qtr 3	August	31
Central	34.752	4.867199999999997	2014	Qtr 3	September	1
East	380.744	65.43040000000002	2014	Qtr 3	September	1
South			2014	Qtr 3	September	1
West	53.94	15.642599999999995	2014	Qtr 3	September	1
Central	1275.63	27.912900000000008	2014	Qtr 3	September	2
East	184.54	45.167699999999996	2014	Qtr 3	September	2
South	1793.98	843.1705999999999	2014	Qtr 3	September	2
West			2014	Qtr 3	September	2
Central	7.679999999999998	-11.52	2014	Qtr 3	September	3
East	14.399999999999999	7.056	2014	Qtr 3	September	3
South			2014	Qtr 3	September	3
West			2014	Qtr 3	September	3
Central			2014	Qtr 3	September	5
East	264.32	19.823999999999998	2014	Qtr 3	September	5
South	31.983999999999998	1.998999999999998	2014	Qtr 3	September	5
West			2014	Qtr 3	September	5
Central			2014	Qtr 3	September	6
East			2014	Qtr 3	September	6
South			2014	Qtr 3	September	6
West	100.36	39.630799999999994	2014	Qtr 3	September	6
Central	2474.991	-78.2368	2014	Qtr 3	September	7
East	917.044	-451.5299	2014	Qtr 3	September	7
South			2014	Qtr 3	September	7
West	131.84000000000003	48.520399999999995	2014	Qtr 3	September	7
Central	11757.795999999998	-1904.2052	2014	Qtr 3	September	8
East	193.06400000000002	19.32179999999999	2014	Qtr 3	September	8
South	371.81999999999994	154.94219999999999	2014	Qtr 3	September	8
West	1905.7479999999998	277.25349999999986	2014	Qtr 3	September	8
Central	114.49600000000001	55.205000000000005	2014	Qtr 3	September	9
East	2629.1020000000003	533.1521999999999	2014	Qtr 3	September	9
South	1299.99	-571.9956	2014	Qtr 3	September	9
West			2014	Qtr 3	September	9
Central			2014	Qtr 3	September	10
East	336.82	98.58839999999998	2014	Qtr 3	September	10
South	9.64	4.7236	2014	Qtr 3	September	10
West	1508.768	156.30880000000008	2014	Qtr 3	September	10
Central			2014	Qtr 3	September	11
East			2014	Qtr 3	September	11
South			2014	Qtr 3	September	11
West	127.94999999999999	21.751499999999986	2014	Qtr 3	September	11
Central	793.0299999999999	172.39679999999998	2014	Qtr 3	September	12
East	3919.206	403.8061000000002	2014	Qtr 3	September	12
South	192.424	24.680699999999987	2014	Qtr 3	September	12
West			2014	Qtr 3	September	12
Central	340.116	-9.7176	2014	Qtr 3	September	13
East	275.51400000000007	58.4658	2014	Qtr 3	September	13
South	18.648000000000003	-12.432	2014	Qtr 3	September	13
West	641.13	207.50750000000002	2014	Qtr 3	September	13
Central	104.01599999999999	-144.195	2014	Qtr 3	September	14
East	4744.012	1613.7558	2014	Qtr 3	September	14
South	175.688	61.1991	2014	Qtr 3	September	14
West			2014	Qtr 3	September	14
Central			2014	Qtr 3	September	15
East	133.43599999999998	30.1722	2014	Qtr 3	September	15
South			2014	Qtr 3	September	15
West			2014	Qtr 3	September	15
Central			2014	Qtr 3	September	16
East	33.552	12.581999999999999	2014	Qtr 3	September	16
South			2014	Qtr 3	September	16
West			2014	Qtr 3	September	16
Central			2014	Qtr 3	September	17
East	5.892000000000001	-4.1244	2014	Qtr 3	September	17
South	52.608000000000004	14.8718	2014	Qtr 3	September	17
West	762.0229999999999	222.78129999999996	2014	Qtr 3	September	17
Central	5579.94	-761.9928	2014	Qtr 3	September	19
East	887.103	177.42059999999998	2014	Qtr 3	September	19
South	2692.329	-937.4184	2014	Qtr 3	September	19
West	179.265	-17.1535	2014	Qtr 3	September	19
Central	1122.25	-474.697	2014	Qtr 3	September	20
East	4106.51	1106.3026	2014	Qtr 3	September	20
South	2.8160000000000003	0.9855999999999999	2014	Qtr 3	September	20
West	104.392	37.510200000000005	2014	Qtr 3	September	20
Central	77.25399999999999	14.043799999999997	2014	Qtr 3	September	21
East	104.76000000000002	23.2686	2014	Qtr 3	September	21
South			2014	Qtr 3	September	21
West	2497.638	840.1333	2014	Qtr 3	September	21
Central	331.536	-82.884	2014	Qtr 3	September	22
East	693.992	125.91999999999996	2014	Qtr 3	September	22
South	4.608	1.6704	2014	Qtr 3	September	22
West	210.13	42.769299999999994	2014	Qtr 3	September	22
Central	9900.19	4668.6935	2014	Qtr 3	September	23
East	242.164	87.89239999999998	2014	Qtr 3	September	23
South			2014	Qtr 3	September	23
West	519.9830000000001	52.01159999999999	2014	Qtr 3	September	23
Central			2014	Qtr 3	September	24
East			2014	Qtr 3	September	24
South			2014	Qtr 3	September	24
West	211.96	8.478399999999993	2014	Qtr 3	September	24
Central	340.3127999999999	-89.928	2014	Qtr 3	September	25
East			2014	Qtr 3	September	25
South			2014	Qtr 3	September	25
West	14.576	2.368599999999999	2014	Qtr 3	September	25
Central	154.70000000000002	37.0544	2014	Qtr 3	September	26
East	265.23400000000004	30.515800000000006	2014	Qtr 3	September	26
South			2014	Qtr 3	September	26
West	1060.68	163.15639999999996	2014	Qtr 3	September	26
Central			2014	Qtr 3	September	27
East	87.53999999999999	37.6422	2014	Qtr 3	September	27
South			2014	Qtr 3	September	27
West	685.9	85.4642	2014	Qtr 3	September	27
Central			2014	Qtr 3	September	28
East	46.26	12.490200000000003	2014	Qtr 3	September	28
South	444.03200000000004	51.87839999999997	2014	Qtr 3	September	28
West			2014	Qtr 3	September	28
Central			2014	Qtr 3	September	29
East	3967.9919999999997	32.38560000000002	2014	Qtr 3	September	29
South			2014	Qtr 3	September	29
West	4141.0779999999995	857.8952999999997	2014	Qtr 3	September	29
Central			2014	Qtr 3	September	30
East	859.5880000000001	89.3072	2014	Qtr 3	September	30
South	84.76800000000001	16.690799999999996	2014	Qtr 3	September	30
West	43.176	13.4925	2014	Qtr 3	September	30
Central			2014	Qtr 4	October	1
East			2014	Qtr 4	October	1
South			2014	Qtr 4	October	1
West	4.71	0	2014	Qtr 4	October	1
Central			2014	Qtr 4	October	2
East			2014	Qtr 4	October	2
South			2014	Qtr 4	October	2
West	598.1440000000001	133.76319999999998	2014	Qtr 4	October	2
Central	316.187	-93.3839	2014	Qtr 4	October	3
East	212.952	5.523599999999993	2014	Qtr 4	October	3
South	67.75999999999999	5.082	2014	Qtr 4	October	3
West	265.784	17.35039999999998	2014	Qtr 4	October	3
Central			2014	Qtr 4	October	4
East	589.41	-6.549	2014	Qtr 4	October	4
South			2014	Qtr 4	October	4
West	139.33800000000002	51.61989999999999	2014	Qtr 4	October	4
Central			2014	Qtr 4	October	5
East	91.92	11.489999999999991	2014	Qtr 4	October	5
South			2014	Qtr 4	October	5
West	99.98	34.992999999999995	2014	Qtr 4	October	5
Central	401.7	61.76760000000001	2014	Qtr 4	October	6
East	83.92000000000002	-13.637	2014	Qtr 4	October	6
South			2014	Qtr 4	October	6
West	9.09	1.9088999999999996	2014	Qtr 4	October	6
Central	107.44	10.744000000000007	2014	Qtr 4	October	7
East	129.92	21.112000000000002	2014	Qtr 4	October	7
South			2014	Qtr 4	October	7
West			2014	Qtr 4	October	7
Central			2014	Qtr 4	October	8
East	123.92	55.763999999999996	2014	Qtr 4	October	8
South	23.472	4.987799999999998	2014	Qtr 4	October	8
West			2014	Qtr 4	October	8
Central			2014	Qtr 4	October	9
East			2014	Qtr 4	October	9
South	88.768	31.068799999999996	2014	Qtr 4	October	9
West	160.592	38.93549999999998	2014	Qtr 4	October	9
Central	1488.7740000000001	117.40079999999996	2014	Qtr 4	October	10
East	120.25800000000001	-84.7894	2014	Qtr 4	October	10
South			2014	Qtr 4	October	10
West	440.3539999999999	137.34120000000001	2014	Qtr 4	October	10
Central			2014	Qtr 4	October	11
East	483.336	78.55469999999997	2014	Qtr 4	October	11
South	16.23	7.3605	2014	Qtr 4	October	11
West	881.598	24.698599999999928	2014	Qtr 4	October	11
Central	22.240000000000002	2.501999999999997	2014	Qtr 4	October	12
East			2014	Qtr 4	October	12
South			2014	Qtr 4	October	12
West	36.29	10.3751	2014	Qtr 4	October	12
Central			2014	Qtr 4	October	13
East	272.672	39.33789999999998	2014	Qtr 4	October	13
South	389.73999999999995	35.273000000000025	2014	Qtr 4	October	13
West	1549.77	379.4923999999999	2014	Qtr 4	October	13
Central	2347.394	719.2163999999998	2014	Qtr 4	October	14
East	2178.0899999999997	340.14280000000014	2014	Qtr 4	October	14
South			2014	Qtr 4	October	14
West			2014	Qtr 4	October	14
Central			2014	Qtr 4	October	15
East	191.33999999999997	-4.9704	2014	Qtr 4	October	15
South	15.384	4.038300000000001	2014	Qtr 4	October	15
West			2014	Qtr 4	October	15
Central			2014	Qtr 4	October	16
East			2014	Qtr 4	October	16
South			2014	Qtr 4	October	16
West	194.322	91.40880000000001	2014	Qtr 4	October	16
Central	136.068	-36.838	2014	Qtr 4	October	17
East			2014	Qtr 4	October	17
South			2014	Qtr 4	October	17
West			2014	Qtr 4	October	17
Central			2014	Qtr 4	October	18
East	249.472	-12.214	2014	Qtr 4	October	18
South	2822.14	589.9718	2014	Qtr 4	October	18
West	63.304	28.3524	2014	Qtr 4	October	18
Central			2014	Qtr 4	October	19
East			2014	Qtr 4	October	19
South			2014	Qtr 4	October	19
West	641.1039999999999	124.54770000000002	2014	Qtr 4	October	19
Central	1074.162	106.46969999999995	2014	Qtr 4	October	20
East			2014	Qtr 4	October	20
South	426.942	-172.4535	2014	Qtr 4	October	20
West			2014	Qtr 4	October	20
Central			2014	Qtr 4	October	21
East	531.3820000000001	-109.1754	2014	Qtr 4	October	21
South	788.86	122.96619999999997	2014	Qtr 4	October	21
West	36.36	12.2715	2014	Qtr 4	October	21
Central			2014	Qtr 4	October	22
East	93.888	12.90959999999999	2014	Qtr 4	October	22
South	129.92	10.393599999999992	2014	Qtr 4	October	22
West			2014	Qtr 4	October	22
Central			2014	Qtr 4	October	24
East			2014	Qtr 4	October	24
South	22.218000000000004	7.4208	2014	Qtr 4	October	24
West	34.272	11.138399999999999	2014	Qtr 4	October	24
Central			2014	Qtr 4	October	25
East	54.474	-9.0789	2014	Qtr 4	October	25
South			2014	Qtr 4	October	25
West	49.408	18.528	2014	Qtr 4	October	25
Central			2014	Qtr 4	October	26
East			2014	Qtr 4	October	26
South			2014	Qtr 4	October	26
West	447.88000000000005	41.59200000000001	2014	Qtr 4	October	26
Central			2014	Qtr 4	October	27
East			2014	Qtr 4	October	27
South	22.320000000000004	7.6626	2014	Qtr 4	October	27
West			2014	Qtr 4	October	27
Central	257.98	74.8142	2014	Qtr 4	October	28
East			2014	Qtr 4	October	28
South			2014	Qtr 4	October	28
West	1252.6019999999999	18.614000000000026	2014	Qtr 4	October	28
Central	2813.8120000000004	378.5485999999997	2014	Qtr 4	October	29
East			2014	Qtr 4	October	29
South			2014	Qtr 4	October	29
West			2014	Qtr 4	October	29
Central			2014	Qtr 4	October	31
East	3538.17	-262.442	2014	Qtr 4	October	31
South			2014	Qtr 4	October	31
West	1823.8560000000002	214.33449999999988	2014	Qtr 4	October	31
Central	15.696000000000002	5.1011999999999995	2014	Qtr 4	November	1
East	903.9439999999997	264.79359999999997	2014	Qtr 4	November	1
South	1119.6	149.0670999999999	2014	Qtr 4	November	1
West	2692.84	244.4021999999998	2014	Qtr 4	November	1
Central	88.77600000000001	7.767900000000001	2014	Qtr 4	November	2
East	733.6379999999999	-91.3512	2014	Qtr 4	November	2
South	799.9200000000001	239.976	2014	Qtr 4	November	2
West	504.03600000000006	130.18269999999995	2014	Qtr 4	November	2
Central	89.97	18.893699999999995	2014	Qtr 4	November	3
East	1144.4560000000001	182.46320000000009	2014	Qtr 4	November	3
South	1543.017	-312.9382	2014	Qtr 4	November	3
West	6.72	3.36	2014	Qtr 4	November	3
Central			2014	Qtr 4	November	4
East	4859.436	2261.7136	2014	Qtr 4	November	4
South	66.61600000000001	7.8182	2014	Qtr 4	November	4
West	1767.6960000000001	173.86019999999996	2014	Qtr 4	November	4
Central			2014	Qtr 4	November	5
East	1476.8339999999998	-127.1508	2014	Qtr 4	November	5
South	197.69	56.721599999999995	2014	Qtr 4	November	5
West	20.04	8.817600000000002	2014	Qtr 4	November	5
Central			2014	Qtr 4	November	6
East			2014	Qtr 4	November	6
South	43.68	20.9664	2014	Qtr 4	November	6
West			2014	Qtr 4	November	6
Central	1143.2099999999998	74.4533	2014	Qtr 4	November	7
East	36.1	16.7244	2014	Qtr 4	November	7
South			2014	Qtr 4	November	7
West	269.832	64.30859999999998	2014	Qtr 4	November	7
Central			2014	Qtr 4	November	8
East			2014	Qtr 4	November	8
South			2014	Qtr 4	November	8
West	333.576	25.018199999999993	2014	Qtr 4	November	8
Central			2014	Qtr 4	November	9
East	56.52	21.477600000000002	2014	Qtr 4	November	9
South			2014	Qtr 4	November	9
West	1517.5739999999998	201.2109999999999	2014	Qtr 4	November	9
Central	1194.87	299.79659999999996	2014	Qtr 4	November	10
East			2014	Qtr 4	November	10
South			2014	Qtr 4	November	10
West	807.6859999999999	136.8365	2014	Qtr 4	November	10
Central	3114.3039999999996	-1392.1459	2014	Qtr 4	November	11
East	823.498	-109.0559	2014	Qtr 4	November	11
South			2014	Qtr 4	November	11
West	4176.746	1051.6707000000001	2014	Qtr 4	November	11
Central	405.8652	41.434799999999996	2014	Qtr 4	November	12
East			2014	Qtr 4	November	12
South	7.872	0.8855999999999988	2014	Qtr 4	November	12
West	641.0240000000001	37.31359999999995	2014	Qtr 4	November	12
Central	44.976000000000006	19.2624	2014	Qtr 4	November	14
East	957.3539999999999	274.09239999999994	2014	Qtr 4	November	14
South	32.400000000000006	15.552000000000001	2014	Qtr 4	November	14
West			2014	Qtr 4	November	14
Central	604.6560000000001	204.07139999999995	2014	Qtr 4	November	15
East			2014	Qtr 4	November	15
South	362.17600000000004	37.39760000000001	2014	Qtr 4	November	15
West	813.9900000000001	158.60909999999993	2014	Qtr 4	November	15
Central	619.856	117.60459999999996	2014	Qtr 4	November	16
East			2014	Qtr 4	November	16
South			2014	Qtr 4	November	16
West	736.0725	19.953599999999973	2014	Qtr 4	November	16
Central	486.98	84.06099999999996	2014	Qtr 4	November	17
East	9981.924	1437.3472	2014	Qtr 4	November	17
South			2014	Qtr 4	November	17
West	1075.37	432.7264	2014	Qtr 4	November	17
Central	1583.942	-248.6285	2014	Qtr 4	November	18
East	751.405	-171.9936	2014	Qtr 4	November	18
South			2014	Qtr 4	November	18
West	1071.508	73.09940000000009	2014	Qtr 4	November	18
Central	503.13	136.45319999999998	2014	Qtr 4	November	19
East	5873.606000000001	1582.5882000000004	2014	Qtr 4	November	19
South	682.91	180.2656	2014	Qtr 4	November	19
West	166.44	79.8912	2014	Qtr 4	November	19
Central			2014	Qtr 4	November	20
East	907.5600000000001	251.172	2014	Qtr 4	November	20
South			2014	Qtr 4	November	20
West			2014	Qtr 4	November	20
Central	269.592	17.298300000000015	2014	Qtr 4	November	21
East			2014	Qtr 4	November	21
South	865.5	323.12699999999995	2014	Qtr 4	November	21
West	114.52999999999999	37.744599999999984	2014	Qtr 4	November	21
Central	16.907999999999994	-27.5518	2014	Qtr 4	November	22
East			2014	Qtr 4	November	22
South	1032.57	465.22490000000005	2014	Qtr 4	November	22
West	53.82000000000001	24.218999999999998	2014	Qtr 4	November	22
Central	239.80999999999997	-107.9182	2014	Qtr 4	November	23
East	62.80800000000001	21.1977	2014	Qtr 4	November	23
South			2014	Qtr 4	November	23
West	1060.662	-18.5179	2014	Qtr 4	November	23
Central	1266.6100000000001	254.598	2014	Qtr 4	November	24
East	3206.938	-489.8036	2014	Qtr 4	November	24
South	111.15	48.906000000000006	2014	Qtr 4	November	24
West	993.908	88.94220000000001	2014	Qtr 4	November	24
Central	1273.6229999999996	-117.8601	2014	Qtr 4	November	25
East	1446.832	38.077399999999926	2014	Qtr 4	November	25
South			2014	Qtr 4	November	25
West	1695.2400000000002	228.4098999999999	2014	Qtr 4	November	25
Central	19.3	-14.475	2014	Qtr 4	November	26
East	414.62999999999994	139.1934	2014	Qtr 4	November	26
South			2014	Qtr 4	November	26
West	1272.06	-186.8796	2014	Qtr 4	November	26
Central			2014	Qtr 4	November	27
East	203.65999999999997	41.29599999999999	2014	Qtr 4	November	27
South			2014	Qtr 4	November	27
West			2014	Qtr 4	November	27
Central	1062.87	-170.3208	2014	Qtr 4	November	28
East	17.248	6.036799999999999	2014	Qtr 4	November	28
South	557.01	114.80109999999996	2014	Qtr 4	November	28
West	643.702	61.956100000000006	2014	Qtr 4	November	28
Central	12.624	3.944999999999999	2014	Qtr 4	November	29
East	30.099999999999998	13.542199999999998	2014	Qtr 4	November	29
South			2014	Qtr 4	November	29
West	606.3199999999999	87.18999999999998	2014	Qtr 4	November	29
Central			2014	Qtr 4	November	30
East	62.28	29.2716	2014	Qtr 4	November	30
South	6.642000000000001	-4.428	2014	Qtr 4	November	30
West	150.23200000000003	-13.0146	2014	Qtr 4	November	30
Central	3528.538	667.2156000000002	2014	Qtr 4	December	1
East	1941.6839999999997	169.81440000000003	2014	Qtr 4	December	1
South	95.968	9.596800000000005	2014	Qtr 4	December	1
West	58.199999999999996	28.517999999999994	2014	Qtr 4	December	1
Central	117.178	-53.6825	2014	Qtr 4	December	2
East	1633.44	157.0615999999999	2014	Qtr 4	December	2
South	21.19	7.9958	2014	Qtr 4	December	2
West			2014	Qtr 4	December	2
Central	505.88	146.8304	2014	Qtr 4	December	3
East			2014	Qtr 4	December	3
South			2014	Qtr 4	December	3
West			2014	Qtr 4	December	3
Central			2014	Qtr 4	December	4
East	129.98	62.3904	2014	Qtr 4	December	4
South			2014	Qtr 4	December	4
West			2014	Qtr 4	December	4
Central	433.55999999999995	78.50069999999998	2014	Qtr 4	December	5
East	883.6899999999999	50.60409999999996	2014	Qtr 4	December	5
South	24.56	6.876799999999999	2014	Qtr 4	December	5
West	1621.832	289.0591999999999	2014	Qtr 4	December	5
Central	338.526	-194.5532	2014	Qtr 4	December	6
East			2014	Qtr 4	December	6
South	42.208	13.717599999999997	2014	Qtr 4	December	6
West	1590.244	161.8166	2014	Qtr 4	December	6
Central			2014	Qtr 4	December	7
East			2014	Qtr 4	December	7
South	105.52	48.539199999999994	2014	Qtr 4	December	7
West	442.87999999999994	153.244	2014	Qtr 4	December	7
Central	60.416	6.0416000000000025	2014	Qtr 4	December	8
East			2014	Qtr 4	December	8
South			2014	Qtr 4	December	8
West	1034.704	119.88569999999997	2014	Qtr 4	December	8
Central	276.62	-25.5653	2014	Qtr 4	December	9
East	1110.648	135.58219999999992	2014	Qtr 4	December	9
South			2014	Qtr 4	December	9
West	135.38400000000001	15.7344	2014	Qtr 4	December	9
Central			2014	Qtr 4	December	10
East	117.704	42.446	2014	Qtr 4	December	10
South			2014	Qtr 4	December	10
West	455.63199999999995	58.69659999999997	2014	Qtr 4	December	10
Central	210.39199999999997	-336.6272	2014	Qtr 4	December	12
East			2014	Qtr 4	December	12
South	23.472	7.628399999999997	2014	Qtr 4	December	12
West	4704.5405	256.8980000000001	2014	Qtr 4	December	12
Central	97.348	-42.1276	2014	Qtr 4	December	13
East			2014	Qtr 4	December	13
South	12.39	5.8233	2014	Qtr 4	December	13
West	183.414	45.03569999999999	2014	Qtr 4	December	13
Central	52.28	-24.2907	2014	Qtr 4	December	14
East	7403.074	2230.8394	2014	Qtr 4	December	14
South	186.304	13.9728	2014	Qtr 4	December	14
West			2014	Qtr 4	December	14
Central	812.504	-38.437	2014	Qtr 4	December	15
East	445.802	-108.2662	2014	Qtr 4	December	15
South			2014	Qtr 4	December	15
West	6.16	1.9711999999999996	2014	Qtr 4	December	15
Central	535.648	83.68340000000002	2014	Qtr 4	December	16
East			2014	Qtr 4	December	16
South	1146.423	118.91719999999998	2014	Qtr 4	December	16
West	2712.1160000000004	213.04179999999994	2014	Qtr 4	December	16
Central			2014	Qtr 4	December	17
East	5.484000000000001	-4.0216	2014	Qtr 4	December	17
South	40.05	11.213999999999999	2014	Qtr 4	December	17
West			2014	Qtr 4	December	17
Central	372.12000000000006	34.14989999999997	2014	Qtr 4	December	19
East			2014	Qtr 4	December	19
South	2232.502	218.32850000000005	2014	Qtr 4	December	19
West	832.1379999999999	104.47849999999991	2014	Qtr 4	December	19
Central	1192.5320000000002	440.78919999999994	2014	Qtr 4	December	20
East	383.03400000000005	14.831399999999974	2014	Qtr 4	December	20
South	3616.6820000000002	710.6466	2014	Qtr 4	December	20
West	1770.192	390.74299999999994	2014	Qtr 4	December	20
Central			2014	Qtr 4	December	21
East	17.28	7.9487999999999985	2014	Qtr 4	December	21
South	18.240000000000002	-14.592	2014	Qtr 4	December	21
West	1897.92	184.90799999999987	2014	Qtr 4	December	21
Central	274.096	23.541599999999995	2014	Qtr 4	December	22
East	513.1120000000001	156.40429999999998	2014	Qtr 4	December	22
South			2014	Qtr 4	December	22
West	11.76	3.1752000000000002	2014	Qtr 4	December	22
Central	212.424	59.8416	2014	Qtr 4	December	23
East	109.83599999999998	-3.7236	2014	Qtr 4	December	23
South	619.8480000000002	11.261399999999949	2014	Qtr 4	December	23
West			2014	Qtr 4	December	23
Central			2014	Qtr 4	December	24
East	30.36	8.7285	2014	Qtr 4	December	24
South	9.568000000000001	3.4684	2014	Qtr 4	December	24
West	1910.2740000000003	252.1110999999999	2014	Qtr 4	December	24
Central	609.248	-23.3524	2014	Qtr 4	December	26
East	561.504	-2.3469	2014	Qtr 4	December	26
South			2014	Qtr 4	December	26
West	870.662	22.1019	2014	Qtr 4	December	26
Central	67.95200000000001	-25.2424	2014	Qtr 4	December	27
East	1067.726	118.62319999999997	2014	Qtr 4	December	27
South	521.92	195.9808	2014	Qtr 4	December	27
West	1308.7900000000002	-625.6867	2014	Qtr 4	December	27
Central			2014	Qtr 4	December	28
East	2682.3259999999996	663.5937999999998	2014	Qtr 4	December	28
South			2014	Qtr 4	December	28
West	1049.97	43.26360000000007	2014	Qtr 4	December	28
Central	192.07199999999997	-0.6768	2014	Qtr 4	December	29
East	48.36	6.044999999999995	2014	Qtr 4	December	29
South			2014	Qtr 4	December	29
West	1831.6640000000004	562.6412999999999	2014	Qtr 4	December	29
Central	619.4540000000001	66.10440000000001	2014	Qtr 4	December	30
East	962.084	-191.8627	2014	Qtr 4	December	30
South	39.128	-8.8038	2014	Qtr 4	December	30
West	551.9850000000001	-459.9875	2014	Qtr 4	December	30
Central	126.77800000000002	45.7038	2014	Qtr 4	December	31
East	4650.548	1339.3163	2014	Qtr 4	December	31
South			2014	Qtr 4	December	31
West	475.944	59.49299999999995	2014	Qtr 4	December	31
